{"cameraMode":{"drawMode":0,"name":"Shaded","section":"Shading Mode"},"sceneLighting":false,"audioPlay":false,"sceneViewState":{"m_AlwaysRefresh":false,"showFog":true,"showSkybox":false,"showFlares":true,"showImageEffects":true,"showParticleSystems":true,"showVisualEffectGraphs":true,"m_FxEnabled":true},"in2DMode":false,"pivot":{"x":1.3823046684265137,"y":6.481866359710693,"z":57.11698913574219},"rotation":{"x":0.08921439945697785,"y":-0.25406017899513247,"z":0.023540407419204713,"w":0.9627857804298401},"size":7.088723659515381,"orthographic":false}